ITTO041CJTTPA1;CONJUNTO TAMPA FRONTAL TL.TO.EXE.041 TAMPA PRESSAO AZUL 16/32A;CONJUNTO TAMPA FRONTAL TL.TO.EXE.041 TAMPA PRESSAO AZUL 16/32A;SET OF THE FRONTAL COVER TL.TO.EXE.041 BLUE PRESSURE COVER 16/32A
ITTO041CJTTPA6;CONJUNTO TAMPA FRONTAL TL.TO.EXE.041 TAMPA PRESSAO AZUL 63A;CONJUNTO TAMPA FRONTAL TL.TO.EXE.041 TAMPA PRESSAO AZUL 63A;SET OF THE FRONTAL COVER TL.TO.EXE.041 BLUE PRESSURE COVER 63A
ITTO041CJTTPM1;CONJUNTO TAMPA FRONTAL TL.TO.EXE.041 TAMPA PRESSAO AMARELA 16/32A;CONJUNTO TAMPA FRONTAL TL.TO.EXE.041 TAMPA PRESSAO AMARELA 16/32A;SET OF THE FRONTAL COVER TL.TO.EXE.041 YELLOW PRESSURE COVER 16/32A
ITTO041CJTTPP1;CONJUNTO TAMPA FRONTAL TL.TO.EXE.041 TAMPA PRESSAO PRETA 16/32A;CONJUNTO TAMPA FRONTAL TL.TO.EXE.041 TAMPA PRESSAO PRETA 16/32A;SET OF THE FRONTAL COVER TL.TO.EXE.041 BLACK PRESSURE COVER 16/32A
ITTO041CJTTPP6;CONJUNTO TAMPA FRONTAL TL.TO.EXE.041 TAMPA PRESSAO PRETA 63A;CONJUNTO TAMPA FRONTAL TL.TO.EXE.041 TAMPA PRESSAO PRETA 63A;SET OF THE FRONTAL COVER TL.TO.EXE.041 BLACK PRESSURE COVER 63A
ITTO041CJTTPV1;CONJUNTO TAMPA FRONTAL TL.TO.EXE.041 TAMPA PRESSAO VERMELHA 16/32A;CONJUNTO TAMPA FRONTAL TL.TO.EXE.041 TAMPA PRESSAO VERMELHA 16/32A;SET OF THE FRONTAL COVER TL.TO.EXE.041 RED PRESSURE COVER 16/32A
ITTO041CJTTPV6;CONJUNTO TAMPA FRONTAL TL.TO.EXE.041 TAMPA PRESSAO VERMELHA 63A;CONJUNTO TAMPA FRONTAL TL.TO.EXE.041 TAMPA PRESSAO VERMELHA 63A;SET OF THE FRONTAL COVER TL.TO.EXE.041 RED PRESSURE COVER 63A
ITTO041CJTTRA6;CONJUNTO TAMPA FRONTAL TL.TO.EXE.041 TAMPA ROSCADA AZUL 63A;CONJUNTO TAMPA FRONTAL TL.TO.EXE.041 TAMPA ROSCADA AZUL 63A;SET OF THE FRONTAL COVER TL.TO.EXE.041 BLUE THREADED COVER 63A
ITTO041CJTTRP6;CONJUNTO TAMPA FRONTAL TL.TO.EXE.041 TAMPA ROSCADA PRETA 63A;CONJUNTO TAMPA FRONTAL TL.TO.EXE.041 TAMPA ROSCADA PRETA 63A;SET OF THE FRONTAL COVER TL.TO.EXE.041 BLACK THREADED COVER 63A
ITTO041CJTTRV6;CONJUNTO TAMPA FRONTAL TL.TO.EXE.041 TAMPA ROSCADA VERMELHA 63A;CONJUNTO TAMPA FRONTAL TL.TO.EXE.041 TAMPA ROSCADA VERMELHA 63A;SET OF THE FRONTAL COVER TL.TO.EXE.041 RED THREADED COVER 63A
;;;
