nome: TL.TO.EXE.041; codigo: 041; prefixo : TTO
nome: TL.TO.EXE.251; codigo: 251; prefixo : TTO
nome: TL.TO.TGVP.966E; codigo: 966; prefixo : TTO
nome: TL.TO.TGVP.966F; codigo: 966F; prefixo : TTO
nome: TL.TO.TGVP.966D; codigo: 966D; prefixo : TTO
nome: TL.TO.TGVP.905; codigo: 905; prefixo : TTO
nome: TL.TO.EXE.252; codigo: 252; prefixo : TTO
nome: TL.TO.EXE.253; codigo: 253; prefixo : TTO
nome: TL.TO.EXE.254; codigo: 254; prefixo : TTO
nome: TL.TO.TGVP.967; codigo: 967; prefixo : TTO
nome: TL.TO.TGVP.901; codigo: 901; prefixo : TTO
nome: TL.TO.TGVP.902; codigo: 902; prefixo : TTO
