TL.L.EXE.002;002
TL.L.EXN.003;003
TL.L.EXD.004;004
TL.L.EXN.006;006
TL.L.EXE.007;007
TL.L.EXD.009;009
TL.L.EXE.010;010
TL.L.EXN.011;011
TL.L.EXE.014;014
TL.L.EXN.015G;015G
TL.L.EXN.015N;015N
TL.L.EXN.015R;015R
TL.L.EXE.016;016
TL.L.EXN.017;017
TL.L.EXE.022;022
TL.L.EXD.023;023
TL.L.EXN.026;026
TL.L.EXD.029N;029N
TL.L.EXD.029R;029R
TL.L.EXN.030N;030N
TL.L.EXN.030R;030R
TL.L.EXE.035N;035N
TL.L.EXE.035R;035R
TL.L.EXN.038;038
TL.L.EXD.039;039
TL.L.EXE.265;265
TL.L.EXD.040;540
TL.L.EXD.041;541
TL.L.EXD.042;542
TL.L.EXN.046;546
TL.L.TGVP.547;547
TL.L.EXD.701;701
TL.L.EXD.702;702
MAC.EXS.025;725
MAC.EXS.026;726
TL.L.TGVP.904;904
TL.L.TGVP.905;905
TL.L.TGVP.908;908
TL.L.TGVP.910;910
TL.L.TGVP.912G;912G
TL.L.TGVP.912N;912N
TL.L.TGVP.913;913
TL.L.TGVP.914;914
TL.L.TGVP.915G;915G
TL.L.TGVP.915N;915N
TL.L.TGVP.915R;915R
TL.L.TGVP.917;917
TL.L.TGVP.918;918
TL.L.TGVP.919;919
TL.L.TGVP.920;920
TL.L.TGVP.921;921
TL.L.TGVP.922;922
TL.L.TGVP.926;926
TL.L.TGVP.927;927
TL.L.TGVP.930N;930N
TL.L.TGVP.930R;930R
TL.L.TGVP.931;931
TL.L.TGVP.932;932
TL.L.TGVP.933;933
TL.L.TGVP.934;934
TL.L.TGVP.935N;935N
TL.L.TGVP.935R;935R
TL.L.TGVP.938;938
TL.L.TGVP.939;939
TL.L.TGVP.954;954
TL.L.TGVP.958;958
TL.L.TGVP.959;959
TL.L.EXE.AVF;AVF
TL.L.EXE.M006;M006
TL.L.TGVP.M906;M906
