TL927081ITBAC;LUMINARIA TL.TGVP.927 8W  127 V  COM INTERRUPTOR  COM TOMADA  FABRICACAO EM ACO CARBONO  NA COR BRANCA;LUMINARIA TL.TGVP.927 8W  127 V  C/ INTERRUPTOR  C/ TOMADA  FAB EM ACO CARBONO  NA COR BRANCA;LIGHT FIXTURE TL.TGVP.927 8W  127 V  WITH SWITCH  WITH OUTLET  MANUFACTURED IN CARBON STEEL  WHITE COLOR
TL927081ITBAI;LUMINARIA TL.TGVP.927 8W  127 V  COM INTERRUPTOR  COM TOMADA  FABRICACAO EM ACO INOX  NA COR BRANCA;LUMINARIA TL.TGVP.927 8W  127 V  C/ INTERRUPTOR  C/ TOMADA  FAB EM ACO INOX  NA COR BRANCA;LIGHT FIXTURE TL.TGVP.927 8W  127 V  WITH SWITCH  WITH OUTLET  MANUFACTURED IN STAINLESS STEEL  WHITE COLOR
TL927081ITPAC;LUMINARIA TL.TGVP.927 8W  127 V  COM INTERRUPTOR  COM TOMADA  FABRICACAO EM ACO CARBONO  NA COR PRETA;LUMINARIA TL.TGVP.927 8W  127 V  C/ INTERRUPTOR  C/ TOMADA  FAB EM ACO CARBONO  NA COR PRETA;LIGHT FIXTURE TL.TGVP.927 8W  127 V  WITH SWITCH  WITH OUTLET  MANUFACTURED IN CARBON STEEL  BLACK COLOR
TL927081ITPAI;LUMINARIA TL.TGVP.927 8W  127 V  COM INTERRUPTOR  COM TOMADA  FABRICACAO EM ACO INOX  NA COR PRETA;LUMINARIA TL.TGVP.927 8W  127 V  C/ INTERRUPTOR  C/ TOMADA  FAB EM ACO INOX  NA COR PRETA;LIGHT FIXTURE TL.TGVP.927 8W  127 V  WITH SWITCH  WITH OUTLET  MANUFACTURED IN STAINLESS STEEL  BLACK COLOR
TL927081IXBAC;LUMINARIA TL.TGVP.927 8W  127 V  COM INTERRUPTOR  .  FABRICACAO EM ACO CARBONO  NA COR BRANCA;LUMINARIA TL.TGVP.927 8W  127 V  C/ INTERRUPTOR  .  FAB EM ACO CARBONO  NA COR BRANCA;LIGHT FIXTURE TL.TGVP.927 8W  127 V  WITH SWITCH  .  MANUFACTURED IN CARBON STEEL  WHITE COLOR
TL927081IXBAI;LUMINARIA TL.TGVP.927 8W  127 V  COM INTERRUPTOR  .  FABRICACAO EM ACO INOX  NA COR BRANCA;LUMINARIA TL.TGVP.927 8W  127 V  C/ INTERRUPTOR  .  FAB EM ACO INOX  NA COR BRANCA;LIGHT FIXTURE TL.TGVP.927 8W  127 V  WITH SWITCH  .  MANUFACTURED IN STAINLESS STEEL  WHITE COLOR
TL927081IXPAC;LUMINARIA TL.TGVP.927 8W  127 V  COM INTERRUPTOR  .  FABRICACAO EM ACO CARBONO  NA COR PRETA;LUMINARIA TL.TGVP.927 8W  127 V  C/ INTERRUPTOR  .  FAB EM ACO CARBONO  NA COR PRETA;LIGHT FIXTURE TL.TGVP.927 8W  127 V  WITH SWITCH  .  MANUFACTURED IN CARBON STEEL  BLACK COLOR
TL927081IXPAI;LUMINARIA TL.TGVP.927 8W  127 V  COM INTERRUPTOR  .  FABRICACAO EM ACO INOX  NA COR PRETA;LUMINARIA TL.TGVP.927 8W  127 V  C/ INTERRUPTOR  .  FAB EM ACO INOX  NA COR PRETA;LIGHT FIXTURE TL.TGVP.927 8W  127 V  WITH SWITCH  .  MANUFACTURED IN STAINLESS STEEL  BLACK COLOR
TL927081XTBAC;LUMINARIA TL.TGVP.927 8W  127 V  .  COM TOMADA  FABRICACAO EM ACO CARBONO  NA COR BRANCA;LUMINARIA TL.TGVP.927 8W  127 V  .  C/ TOMADA  FAB EM ACO CARBONO  NA COR BRANCA;LIGHT FIXTURE TL.TGVP.927 8W  127 V  .  WITH OUTLET  MANUFACTURED IN CARBON STEEL  WHITE COLOR
TL927081XTBAI;LUMINARIA TL.TGVP.927 8W  127 V  .  COM TOMADA  FABRICACAO EM ACO INOX  NA COR BRANCA;LUMINARIA TL.TGVP.927 8W  127 V  .  C/ TOMADA  FAB EM ACO INOX  NA COR BRANCA;LIGHT FIXTURE TL.TGVP.927 8W  127 V  .  WITH OUTLET  MANUFACTURED IN STAINLESS STEEL  WHITE COLOR
TL927081XTPAC;LUMINARIA TL.TGVP.927 8W  127 V  .  COM TOMADA  FABRICACAO EM ACO CARBONO  NA COR PRETA;LUMINARIA TL.TGVP.927 8W  127 V  .  C/ TOMADA  FAB EM ACO CARBONO  NA COR PRETA;LIGHT FIXTURE TL.TGVP.927 8W  127 V  .  WITH OUTLET  MANUFACTURED IN CARBON STEEL  BLACK COLOR
TL927081XTPAI;LUMINARIA TL.TGVP.927 8W  127 V  .  COM TOMADA  FABRICACAO EM ACO INOX  NA COR PRETA;LUMINARIA TL.TGVP.927 8W  127 V  .  C/ TOMADA  FAB EM ACO INOX  NA COR PRETA;LIGHT FIXTURE TL.TGVP.927 8W  127 V  .  WITH OUTLET  MANUFACTURED IN STAINLESS STEEL  BLACK COLOR
TL927081XXBAC;LUMINARIA TL.TGVP.927 8W  127 V  .  .  FABRICACAO EM ACO CARBONO  NA COR BRANCA;LUMINARIA TL.TGVP.927 8W  127 V  .  .  FAB EM ACO CARBONO  NA COR BRANCA;LIGHT FIXTURE TL.TGVP.927 8W  127 V  .  .  MANUFACTURED IN CARBON STEEL  WHITE COLOR
TL927081XXBAI;LUMINARIA TL.TGVP.927 8W  127 V  .  .  FABRICACAO EM ACO INOX  NA COR BRANCA;LUMINARIA TL.TGVP.927 8W  127 V  .  .  FAB EM ACO INOX  NA COR BRANCA;LIGHT FIXTURE TL.TGVP.927 8W  127 V  .  .  MANUFACTURED IN STAINLESS STEEL  WHITE COLOR
TL927081XXPAC;LUMINARIA TL.TGVP.927 8W  127 V  .  .  FABRICACAO EM ACO CARBONO  NA COR PRETA;LUMINARIA TL.TGVP.927 8W  127 V  .  .  FAB EM ACO CARBONO  NA COR PRETA;LIGHT FIXTURE TL.TGVP.927 8W  127 V  .  .  MANUFACTURED IN CARBON STEEL  BLACK COLOR
TL927081XXPAI;LUMINARIA TL.TGVP.927 8W  127 V  .  .  FABRICACAO EM ACO INOX  NA COR PRETA;LUMINARIA TL.TGVP.927 8W  127 V  .  .  FAB EM ACO INOX  NA COR PRETA;LIGHT FIXTURE TL.TGVP.927 8W  127 V  .  .  MANUFACTURED IN STAINLESS STEEL  BLACK COLOR
TL927082ITBAC;LUMINARIA TL.TGVP.927 8W  220 V  COM INTERRUPTOR  COM TOMADA  FABRICACAO EM ACO CARBONO  NA COR BRANCA;LUMINARIA TL.TGVP.927 8W  220 V  C/ INTERRUPTOR  C/ TOMADA  FAB EM ACO CARBONO  NA COR BRANCA;LIGHT FIXTURE TL.TGVP.927 8W  220 V  WITH SWITCH  WITH OUTLET  MANUFACTURED IN CARBON STEEL  WHITE COLOR
TL927082ITBAI;LUMINARIA TL.TGVP.927 8W  220 V  COM INTERRUPTOR  COM TOMADA  FABRICACAO EM ACO INOX  NA COR BRANCA;LUMINARIA TL.TGVP.927 8W  220 V  C/ INTERRUPTOR  C/ TOMADA  FAB EM ACO INOX  NA COR BRANCA;LIGHT FIXTURE TL.TGVP.927 8W  220 V  WITH SWITCH  WITH OUTLET  MANUFACTURED IN STAINLESS STEEL  WHITE COLOR
TL927082ITPAC;LUMINARIA TL.TGVP.927 8W  220 V  COM INTERRUPTOR  COM TOMADA  FABRICACAO EM ACO CARBONO  NA COR PRETA;LUMINARIA TL.TGVP.927 8W  220 V  C/ INTERRUPTOR  C/ TOMADA  FAB EM ACO CARBONO  NA COR PRETA;LIGHT FIXTURE TL.TGVP.927 8W  220 V  WITH SWITCH  WITH OUTLET  MANUFACTURED IN CARBON STEEL  BLACK COLOR
TL927082ITPAI;LUMINARIA TL.TGVP.927 8W  220 V  COM INTERRUPTOR  COM TOMADA  FABRICACAO EM ACO INOX  NA COR PRETA;LUMINARIA TL.TGVP.927 8W  220 V  C/ INTERRUPTOR  C/ TOMADA  FAB EM ACO INOX  NA COR PRETA;LIGHT FIXTURE TL.TGVP.927 8W  220 V  WITH SWITCH  WITH OUTLET  MANUFACTURED IN STAINLESS STEEL  BLACK COLOR
TL927082IXBAC;LUMINARIA TL.TGVP.927 8W  220 V  COM INTERRUPTOR  .  FABRICACAO EM ACO CARBONO  NA COR BRANCA;LUMINARIA TL.TGVP.927 8W  220 V  C/ INTERRUPTOR  .  FAB EM ACO CARBONO  NA COR BRANCA;LIGHT FIXTURE TL.TGVP.927 8W  220 V  WITH SWITCH  .  MANUFACTURED IN CARBON STEEL  WHITE COLOR
TL927082IXBAI;LUMINARIA TL.TGVP.927 8W  220 V  COM INTERRUPTOR  .  FABRICACAO EM ACO INOX  NA COR BRANCA;LUMINARIA TL.TGVP.927 8W  220 V  C/ INTERRUPTOR  .  FAB EM ACO INOX  NA COR BRANCA;LIGHT FIXTURE TL.TGVP.927 8W  220 V  WITH SWITCH  .  MANUFACTURED IN STAINLESS STEEL  WHITE COLOR
TL927082IXPAC;LUMINARIA TL.TGVP.927 8W  220 V  COM INTERRUPTOR  .  FABRICACAO EM ACO CARBONO  NA COR PRETA;LUMINARIA TL.TGVP.927 8W  220 V  C/ INTERRUPTOR  .  FAB EM ACO CARBONO  NA COR PRETA;LIGHT FIXTURE TL.TGVP.927 8W  220 V  WITH SWITCH  .  MANUFACTURED IN CARBON STEEL  BLACK COLOR
TL927082IXPAI;LUMINARIA TL.TGVP.927 8W  220 V  COM INTERRUPTOR  .  FABRICACAO EM ACO INOX  NA COR PRETA;LUMINARIA TL.TGVP.927 8W  220 V  C/ INTERRUPTOR  .  FAB EM ACO INOX  NA COR PRETA;LIGHT FIXTURE TL.TGVP.927 8W  220 V  WITH SWITCH  .  MANUFACTURED IN STAINLESS STEEL  BLACK COLOR
TL927082XTBAC;LUMINARIA TL.TGVP.927 8W  220 V  .  COM TOMADA  FABRICACAO EM ACO CARBONO  NA COR BRANCA;LUMINARIA TL.TGVP.927 8W  220 V  .  C/ TOMADA  FAB EM ACO CARBONO  NA COR BRANCA;LIGHT FIXTURE TL.TGVP.927 8W  220 V  .  WITH OUTLET  MANUFACTURED IN CARBON STEEL  WHITE COLOR
TL927082XTBAI;LUMINARIA TL.TGVP.927 8W  220 V  .  COM TOMADA  FABRICACAO EM ACO INOX  NA COR BRANCA;LUMINARIA TL.TGVP.927 8W  220 V  .  C/ TOMADA  FAB EM ACO INOX  NA COR BRANCA;LIGHT FIXTURE TL.TGVP.927 8W  220 V  .  WITH OUTLET  MANUFACTURED IN STAINLESS STEEL  WHITE COLOR
TL927082XTPAC;LUMINARIA TL.TGVP.927 8W  220 V  .  COM TOMADA  FABRICACAO EM ACO CARBONO  NA COR PRETA;LUMINARIA TL.TGVP.927 8W  220 V  .  C/ TOMADA  FAB EM ACO CARBONO  NA COR PRETA;LIGHT FIXTURE TL.TGVP.927 8W  220 V  .  WITH OUTLET  MANUFACTURED IN CARBON STEEL  BLACK COLOR
TL927082XTPAI;LUMINARIA TL.TGVP.927 8W  220 V  .  COM TOMADA  FABRICACAO EM ACO INOX  NA COR PRETA;LUMINARIA TL.TGVP.927 8W  220 V  .  C/ TOMADA  FAB EM ACO INOX  NA COR PRETA;LIGHT FIXTURE TL.TGVP.927 8W  220 V  .  WITH OUTLET  MANUFACTURED IN STAINLESS STEEL  BLACK COLOR
TL927082XXBAC;LUMINARIA TL.TGVP.927 8W  220 V  .  .  FABRICACAO EM ACO CARBONO  NA COR BRANCA;LUMINARIA TL.TGVP.927 8W  220 V  .  .  FAB EM ACO CARBONO  NA COR BRANCA;LIGHT FIXTURE TL.TGVP.927 8W  220 V  .  .  MANUFACTURED IN CARBON STEEL  WHITE COLOR
TL927082XXBAI;LUMINARIA TL.TGVP.927 8W  220 V  .  .  FABRICACAO EM ACO INOX  NA COR BRANCA;LUMINARIA TL.TGVP.927 8W  220 V  .  .  FAB EM ACO INOX  NA COR BRANCA;LIGHT FIXTURE TL.TGVP.927 8W  220 V  .  .  MANUFACTURED IN STAINLESS STEEL  WHITE COLOR
TL927082XXPAC;LUMINARIA TL.TGVP.927 8W  220 V  .  .  FABRICACAO EM ACO CARBONO  NA COR PRETA;LUMINARIA TL.TGVP.927 8W  220 V  .  .  FAB EM ACO CARBONO  NA COR PRETA;LIGHT FIXTURE TL.TGVP.927 8W  220 V  .  .  MANUFACTURED IN CARBON STEEL  BLACK COLOR
TL927082XXPAI;LUMINARIA TL.TGVP.927 8W  220 V  .  .  FABRICACAO EM ACO INOX  NA COR PRETA;LUMINARIA TL.TGVP.927 8W  220 V  .  .  FAB EM ACO INOX  NA COR PRETA;LIGHT FIXTURE TL.TGVP.927 8W  220 V  .  .  MANUFACTURED IN STAINLESS STEEL  BLACK COLOR
TL927089ITBAC;LUMINARIA TL.TGVP.927 8W  90/240V  COM INTERRUPTOR  COM TOMADA  FABRICACAO EM ACO CARBONO  NA COR BRANCA;LUMINARIA TL.TGVP.927 8W  90/240V  C/ INTERRUPTOR  C/ TOMADA  FAB EM ACO CARBONO  NA COR BRANCA;LIGHT FIXTURE TL.TGVP.927 8W  90/240V  WITH SWITCH  WITH OUTLET  MANUFACTURED IN CARBON STEEL  WHITE COLOR
TL927089ITBAI;LUMINARIA TL.TGVP.927 8W  90/240V  COM INTERRUPTOR  COM TOMADA  FABRICACAO EM ACO INOX  NA COR BRANCA;LUMINARIA TL.TGVP.927 8W  90/240V  C/ INTERRUPTOR  C/ TOMADA  FAB EM ACO INOX  NA COR BRANCA;LIGHT FIXTURE TL.TGVP.927 8W  90/240V  WITH SWITCH  WITH OUTLET  MANUFACTURED IN STAINLESS STEEL  WHITE COLOR
TL927089ITPAC;LUMINARIA TL.TGVP.927 8W  90/240V  COM INTERRUPTOR  COM TOMADA  FABRICACAO EM ACO CARBONO  NA COR PRETA;LUMINARIA TL.TGVP.927 8W  90/240V  C/ INTERRUPTOR  C/ TOMADA  FAB EM ACO CARBONO  NA COR PRETA;LIGHT FIXTURE TL.TGVP.927 8W  90/240V  WITH SWITCH  WITH OUTLET  MANUFACTURED IN CARBON STEEL  BLACK COLOR
TL927089ITPAI;LUMINARIA TL.TGVP.927 8W  90/240V  COM INTERRUPTOR  COM TOMADA  FABRICACAO EM ACO INOX  NA COR PRETA;LUMINARIA TL.TGVP.927 8W  90/240V  C/ INTERRUPTOR  C/ TOMADA  FAB EM ACO INOX  NA COR PRETA;LIGHT FIXTURE TL.TGVP.927 8W  90/240V  WITH SWITCH  WITH OUTLET  MANUFACTURED IN STAINLESS STEEL  BLACK COLOR
TL927089IXBAC;LUMINARIA TL.TGVP.927 8W  90/240V  COM INTERRUPTOR  .  FABRICACAO EM ACO CARBONO  NA COR BRANCA;LUMINARIA TL.TGVP.927 8W  90/240V  C/ INTERRUPTOR  .  FAB EM ACO CARBONO  NA COR BRANCA;LIGHT FIXTURE TL.TGVP.927 8W  90/240V  WITH SWITCH  .  MANUFACTURED IN CARBON STEEL  WHITE COLOR
TL927089IXBAI;LUMINARIA TL.TGVP.927 8W  90/240V  COM INTERRUPTOR  .  FABRICACAO EM ACO INOX  NA COR BRANCA;LUMINARIA TL.TGVP.927 8W  90/240V  C/ INTERRUPTOR  .  FAB EM ACO INOX  NA COR BRANCA;LIGHT FIXTURE TL.TGVP.927 8W  90/240V  WITH SWITCH  .  MANUFACTURED IN STAINLESS STEEL  WHITE COLOR
TL927089IXPAC;LUMINARIA TL.TGVP.927 8W  90/240V  COM INTERRUPTOR  .  FABRICACAO EM ACO CARBONO  NA COR PRETA;LUMINARIA TL.TGVP.927 8W  90/240V  C/ INTERRUPTOR  .  FAB EM ACO CARBONO  NA COR PRETA;LIGHT FIXTURE TL.TGVP.927 8W  90/240V  WITH SWITCH  .  MANUFACTURED IN CARBON STEEL  BLACK COLOR
TL927089IXPAI;LUMINARIA TL.TGVP.927 8W  90/240V  COM INTERRUPTOR  .  FABRICACAO EM ACO INOX  NA COR PRETA;LUMINARIA TL.TGVP.927 8W  90/240V  C/ INTERRUPTOR  .  FAB EM ACO INOX  NA COR PRETA;LIGHT FIXTURE TL.TGVP.927 8W  90/240V  WITH SWITCH  .  MANUFACTURED IN STAINLESS STEEL  BLACK COLOR
TL927089XTBAC;LUMINARIA TL.TGVP.927 8W  90/240V  .  COM TOMADA  FABRICACAO EM ACO CARBONO  NA COR BRANCA;LUMINARIA TL.TGVP.927 8W  90/240V  .  C/ TOMADA  FAB EM ACO CARBONO  NA COR BRANCA;LIGHT FIXTURE TL.TGVP.927 8W  90/240V  .  WITH OUTLET  MANUFACTURED IN CARBON STEEL  WHITE COLOR
TL927089XTBAI;LUMINARIA TL.TGVP.927 8W  90/240V  .  COM TOMADA  FABRICACAO EM ACO INOX  NA COR BRANCA;LUMINARIA TL.TGVP.927 8W  90/240V  .  C/ TOMADA  FAB EM ACO INOX  NA COR BRANCA;LIGHT FIXTURE TL.TGVP.927 8W  90/240V  .  WITH OUTLET  MANUFACTURED IN STAINLESS STEEL  WHITE COLOR
TL927089XTPAC;LUMINARIA TL.TGVP.927 8W  90/240V  .  COM TOMADA  FABRICACAO EM ACO CARBONO  NA COR PRETA;LUMINARIA TL.TGVP.927 8W  90/240V  .  C/ TOMADA  FAB EM ACO CARBONO  NA COR PRETA;LIGHT FIXTURE TL.TGVP.927 8W  90/240V  .  WITH OUTLET  MANUFACTURED IN CARBON STEEL  BLACK COLOR
TL927089XTPAI;LUMINARIA TL.TGVP.927 8W  90/240V  .  COM TOMADA  FABRICACAO EM ACO INOX  NA COR PRETA;LUMINARIA TL.TGVP.927 8W  90/240V  .  C/ TOMADA  FAB EM ACO INOX  NA COR PRETA;LIGHT FIXTURE TL.TGVP.927 8W  90/240V  .  WITH OUTLET  MANUFACTURED IN STAINLESS STEEL  BLACK COLOR
TL927089XXBAC;LUMINARIA TL.TGVP.927 8W  90/240V  .  .  FABRICACAO EM ACO CARBONO  NA COR BRANCA;LUMINARIA TL.TGVP.927 8W  90/240V  .  .  FAB EM ACO CARBONO  NA COR BRANCA;LIGHT FIXTURE TL.TGVP.927 8W  90/240V  .  .  MANUFACTURED IN CARBON STEEL  WHITE COLOR
TL927089XXBAI;LUMINARIA TL.TGVP.927 8W  90/240V  .  .  FABRICACAO EM ACO INOX  NA COR BRANCA;LUMINARIA TL.TGVP.927 8W  90/240V  .  .  FAB EM ACO INOX  NA COR BRANCA;LIGHT FIXTURE TL.TGVP.927 8W  90/240V  .  .  MANUFACTURED IN STAINLESS STEEL  WHITE COLOR
TL927089XXPAC;LUMINARIA TL.TGVP.927 8W  90/240V  .  .  FABRICACAO EM ACO CARBONO  NA COR PRETA;LUMINARIA TL.TGVP.927 8W  90/240V  .  .  FAB EM ACO CARBONO  NA COR PRETA;LIGHT FIXTURE TL.TGVP.927 8W  90/240V  .  .  MANUFACTURED IN CARBON STEEL  BLACK COLOR
TL927089XXPAI;LUMINARIA TL.TGVP.927 8W  90/240V  .  .  FABRICACAO EM ACO INOX  NA COR PRETA;LUMINARIA TL.TGVP.927 8W  90/240V  .  .  FAB EM ACO INOX  NA COR PRETA;LIGHT FIXTURE TL.TGVP.927 8W  90/240V  .  .  MANUFACTURED IN STAINLESS STEEL  BLACK COLOR
TL927151ITBAC;LUMINARIA TL.TGVP.927 15W  127 V  COM INTERRUPTOR  COM TOMADA  FABRICACAO EM ACO CARBONO  NA COR BRANCA;LUMINARIA TL.TGVP.927 15W  127 V  C/ INTERRUPTOR  C/ TOMADA  FAB EM ACO CARBONO  NA COR BRANCA;LIGHT FIXTURE TL.TGVP.927 15W  127 V  WITH SWITCH  WITH OUTLET  MANUFACTURED IN CARBON STEEL  WHITE COLOR
TL927151ITBAI;LUMINARIA TL.TGVP.927 15W  127 V  COM INTERRUPTOR  COM TOMADA  FABRICACAO EM ACO INOX  NA COR BRANCA;LUMINARIA TL.TGVP.927 15W  127 V  C/ INTERRUPTOR  C/ TOMADA  FAB EM ACO INOX  NA COR BRANCA;LIGHT FIXTURE TL.TGVP.927 15W  127 V  WITH SWITCH  WITH OUTLET  MANUFACTURED IN STAINLESS STEEL  WHITE COLOR
TL927151ITPAC;LUMINARIA TL.TGVP.927 15W  127 V  COM INTERRUPTOR  COM TOMADA  FABRICACAO EM ACO CARBONO  NA COR PRETA;LUMINARIA TL.TGVP.927 15W  127 V  C/ INTERRUPTOR  C/ TOMADA  FAB EM ACO CARBONO  NA COR PRETA;LIGHT FIXTURE TL.TGVP.927 15W  127 V  WITH SWITCH  WITH OUTLET  MANUFACTURED IN CARBON STEEL  BLACK COLOR
TL927151ITPAI;LUMINARIA TL.TGVP.927 15W  127 V  COM INTERRUPTOR  COM TOMADA  FABRICACAO EM ACO INOX  NA COR PRETA;LUMINARIA TL.TGVP.927 15W  127 V  C/ INTERRUPTOR  C/ TOMADA  FAB EM ACO INOX  NA COR PRETA;LIGHT FIXTURE TL.TGVP.927 15W  127 V  WITH SWITCH  WITH OUTLET  MANUFACTURED IN STAINLESS STEEL  BLACK COLOR
TL927151IXBAC;LUMINARIA TL.TGVP.927 15W  127 V  COM INTERRUPTOR  .  FABRICACAO EM ACO CARBONO  NA COR BRANCA;LUMINARIA TL.TGVP.927 15W  127 V  C/ INTERRUPTOR  .  FAB EM ACO CARBONO  NA COR BRANCA;LIGHT FIXTURE TL.TGVP.927 15W  127 V  WITH SWITCH  .  MANUFACTURED IN CARBON STEEL  WHITE COLOR
TL927151IXBAI;LUMINARIA TL.TGVP.927 15W  127 V  COM INTERRUPTOR  .  FABRICACAO EM ACO INOX  NA COR BRANCA;LUMINARIA TL.TGVP.927 15W  127 V  C/ INTERRUPTOR  .  FAB EM ACO INOX  NA COR BRANCA;LIGHT FIXTURE TL.TGVP.927 15W  127 V  WITH SWITCH  .  MANUFACTURED IN STAINLESS STEEL  WHITE COLOR
TL927151IXPAC;LUMINARIA TL.TGVP.927 15W  127 V  COM INTERRUPTOR  .  FABRICACAO EM ACO CARBONO  NA COR PRETA;LUMINARIA TL.TGVP.927 15W  127 V  C/ INTERRUPTOR  .  FAB EM ACO CARBONO  NA COR PRETA;LIGHT FIXTURE TL.TGVP.927 15W  127 V  WITH SWITCH  .  MANUFACTURED IN CARBON STEEL  BLACK COLOR
TL927151IXPAI;LUMINARIA TL.TGVP.927 15W  127 V  COM INTERRUPTOR  .  FABRICACAO EM ACO INOX  NA COR PRETA;LUMINARIA TL.TGVP.927 15W  127 V  C/ INTERRUPTOR  .  FAB EM ACO INOX  NA COR PRETA;LIGHT FIXTURE TL.TGVP.927 15W  127 V  WITH SWITCH  .  MANUFACTURED IN STAINLESS STEEL  BLACK COLOR
TL927151XTBAC;LUMINARIA TL.TGVP.927 15W  127 V  .  COM TOMADA  FABRICACAO EM ACO CARBONO  NA COR BRANCA;LUMINARIA TL.TGVP.927 15W  127 V  .  C/ TOMADA  FAB EM ACO CARBONO  NA COR BRANCA;LIGHT FIXTURE TL.TGVP.927 15W  127 V  .  WITH OUTLET  MANUFACTURED IN CARBON STEEL  WHITE COLOR
TL927151XTBAI;LUMINARIA TL.TGVP.927 15W  127 V  .  COM TOMADA  FABRICACAO EM ACO INOX  NA COR BRANCA;LUMINARIA TL.TGVP.927 15W  127 V  .  C/ TOMADA  FAB EM ACO INOX  NA COR BRANCA;LIGHT FIXTURE TL.TGVP.927 15W  127 V  .  WITH OUTLET  MANUFACTURED IN STAINLESS STEEL  WHITE COLOR
TL927151XTPAC;LUMINARIA TL.TGVP.927 15W  127 V  .  COM TOMADA  FABRICACAO EM ACO CARBONO  NA COR PRETA;LUMINARIA TL.TGVP.927 15W  127 V  .  C/ TOMADA  FAB EM ACO CARBONO  NA COR PRETA;LIGHT FIXTURE TL.TGVP.927 15W  127 V  .  WITH OUTLET  MANUFACTURED IN CARBON STEEL  BLACK COLOR
TL927151XTPAI;LUMINARIA TL.TGVP.927 15W  127 V  .  COM TOMADA  FABRICACAO EM ACO INOX  NA COR PRETA;LUMINARIA TL.TGVP.927 15W  127 V  .  C/ TOMADA  FAB EM ACO INOX  NA COR PRETA;LIGHT FIXTURE TL.TGVP.927 15W  127 V  .  WITH OUTLET  MANUFACTURED IN STAINLESS STEEL  BLACK COLOR
TL927151XXBAC;LUMINARIA TL.TGVP.927 15W  127 V  .  .  FABRICACAO EM ACO CARBONO  NA COR BRANCA;LUMINARIA TL.TGVP.927 15W  127 V  .  .  FAB EM ACO CARBONO  NA COR BRANCA;LIGHT FIXTURE TL.TGVP.927 15W  127 V  .  .  MANUFACTURED IN CARBON STEEL  WHITE COLOR
TL927151XXBAI;LUMINARIA TL.TGVP.927 15W  127 V  .  .  FABRICACAO EM ACO INOX  NA COR BRANCA;LUMINARIA TL.TGVP.927 15W  127 V  .  .  FAB EM ACO INOX  NA COR BRANCA;LIGHT FIXTURE TL.TGVP.927 15W  127 V  .  .  MANUFACTURED IN STAINLESS STEEL  WHITE COLOR
TL927151XXPAC;LUMINARIA TL.TGVP.927 15W  127 V  .  .  FABRICACAO EM ACO CARBONO  NA COR PRETA;LUMINARIA TL.TGVP.927 15W  127 V  .  .  FAB EM ACO CARBONO  NA COR PRETA;LIGHT FIXTURE TL.TGVP.927 15W  127 V  .  .  MANUFACTURED IN CARBON STEEL  BLACK COLOR
TL927151XXPAI;LUMINARIA TL.TGVP.927 15W  127 V  .  .  FABRICACAO EM ACO INOX  NA COR PRETA;LUMINARIA TL.TGVP.927 15W  127 V  .  .  FAB EM ACO INOX  NA COR PRETA;LIGHT FIXTURE TL.TGVP.927 15W  127 V  .  .  MANUFACTURED IN STAINLESS STEEL  BLACK COLOR
TL927152ITBAC;LUMINARIA TL.TGVP.927 15W  220 V  COM INTERRUPTOR  COM TOMADA  FABRICACAO EM ACO CARBONO  NA COR BRANCA;LUMINARIA TL.TGVP.927 15W  220 V  C/ INTERRUPTOR  C/ TOMADA  FAB EM ACO CARBONO  NA COR BRANCA;LIGHT FIXTURE TL.TGVP.927 15W  220 V  WITH SWITCH  WITH OUTLET  MANUFACTURED IN CARBON STEEL  WHITE COLOR
TL927152ITBAI;LUMINARIA TL.TGVP.927 15W  220 V  COM INTERRUPTOR  COM TOMADA  FABRICACAO EM ACO INOX  NA COR BRANCA;LUMINARIA TL.TGVP.927 15W  220 V  C/ INTERRUPTOR  C/ TOMADA  FAB EM ACO INOX  NA COR BRANCA;LIGHT FIXTURE TL.TGVP.927 15W  220 V  WITH SWITCH  WITH OUTLET  MANUFACTURED IN STAINLESS STEEL  WHITE COLOR
TL927152ITPAC;LUMINARIA TL.TGVP.927 15W  220 V  COM INTERRUPTOR  COM TOMADA  FABRICACAO EM ACO CARBONO  NA COR PRETA;LUMINARIA TL.TGVP.927 15W  220 V  C/ INTERRUPTOR  C/ TOMADA  FAB EM ACO CARBONO  NA COR PRETA;LIGHT FIXTURE TL.TGVP.927 15W  220 V  WITH SWITCH  WITH OUTLET  MANUFACTURED IN CARBON STEEL  BLACK COLOR
TL927152ITPAI;LUMINARIA TL.TGVP.927 15W  220 V  COM INTERRUPTOR  COM TOMADA  FABRICACAO EM ACO INOX  NA COR PRETA;LUMINARIA TL.TGVP.927 15W  220 V  C/ INTERRUPTOR  C/ TOMADA  FAB EM ACO INOX  NA COR PRETA;LIGHT FIXTURE TL.TGVP.927 15W  220 V  WITH SWITCH  WITH OUTLET  MANUFACTURED IN STAINLESS STEEL  BLACK COLOR
TL927152IXBAC;LUMINARIA TL.TGVP.927 15W  220 V  COM INTERRUPTOR  .  FABRICACAO EM ACO CARBONO  NA COR BRANCA;LUMINARIA TL.TGVP.927 15W  220 V  C/ INTERRUPTOR  .  FAB EM ACO CARBONO  NA COR BRANCA;LIGHT FIXTURE TL.TGVP.927 15W  220 V  WITH SWITCH  .  MANUFACTURED IN CARBON STEEL  WHITE COLOR
TL927152IXBAI;LUMINARIA TL.TGVP.927 15W  220 V  COM INTERRUPTOR  .  FABRICACAO EM ACO INOX  NA COR BRANCA;LUMINARIA TL.TGVP.927 15W  220 V  C/ INTERRUPTOR  .  FAB EM ACO INOX  NA COR BRANCA;LIGHT FIXTURE TL.TGVP.927 15W  220 V  WITH SWITCH  .  MANUFACTURED IN STAINLESS STEEL  WHITE COLOR
TL927152IXPAC;LUMINARIA TL.TGVP.927 15W  220 V  COM INTERRUPTOR  .  FABRICACAO EM ACO CARBONO  NA COR PRETA;LUMINARIA TL.TGVP.927 15W  220 V  C/ INTERRUPTOR  .  FAB EM ACO CARBONO  NA COR PRETA;LIGHT FIXTURE TL.TGVP.927 15W  220 V  WITH SWITCH  .  MANUFACTURED IN CARBON STEEL  BLACK COLOR
TL927152IXPAI;LUMINARIA TL.TGVP.927 15W  220 V  COM INTERRUPTOR  .  FABRICACAO EM ACO INOX  NA COR PRETA;LUMINARIA TL.TGVP.927 15W  220 V  C/ INTERRUPTOR  .  FAB EM ACO INOX  NA COR PRETA;LIGHT FIXTURE TL.TGVP.927 15W  220 V  WITH SWITCH  .  MANUFACTURED IN STAINLESS STEEL  BLACK COLOR
TL927152XTBAC;LUMINARIA TL.TGVP.927 15W  220 V  .  COM TOMADA  FABRICACAO EM ACO CARBONO  NA COR BRANCA;LUMINARIA TL.TGVP.927 15W  220 V  .  C/ TOMADA  FAB EM ACO CARBONO  NA COR BRANCA;LIGHT FIXTURE TL.TGVP.927 15W  220 V  .  WITH OUTLET  MANUFACTURED IN CARBON STEEL  WHITE COLOR
TL927152XTBAI;LUMINARIA TL.TGVP.927 15W  220 V  .  COM TOMADA  FABRICACAO EM ACO INOX  NA COR BRANCA;LUMINARIA TL.TGVP.927 15W  220 V  .  C/ TOMADA  FAB EM ACO INOX  NA COR BRANCA;LIGHT FIXTURE TL.TGVP.927 15W  220 V  .  WITH OUTLET  MANUFACTURED IN STAINLESS STEEL  WHITE COLOR
TL927152XTPAC;LUMINARIA TL.TGVP.927 15W  220 V  .  COM TOMADA  FABRICACAO EM ACO CARBONO  NA COR PRETA;LUMINARIA TL.TGVP.927 15W  220 V  .  C/ TOMADA  FAB EM ACO CARBONO  NA COR PRETA;LIGHT FIXTURE TL.TGVP.927 15W  220 V  .  WITH OUTLET  MANUFACTURED IN CARBON STEEL  BLACK COLOR
TL927152XTPAI;LUMINARIA TL.TGVP.927 15W  220 V  .  COM TOMADA  FABRICACAO EM ACO INOX  NA COR PRETA;LUMINARIA TL.TGVP.927 15W  220 V  .  C/ TOMADA  FAB EM ACO INOX  NA COR PRETA;LIGHT FIXTURE TL.TGVP.927 15W  220 V  .  WITH OUTLET  MANUFACTURED IN STAINLESS STEEL  BLACK COLOR
TL927152XXBAC;LUMINARIA TL.TGVP.927 15W  220 V  .  .  FABRICACAO EM ACO CARBONO  NA COR BRANCA;LUMINARIA TL.TGVP.927 15W  220 V  .  .  FAB EM ACO CARBONO  NA COR BRANCA;LIGHT FIXTURE TL.TGVP.927 15W  220 V  .  .  MANUFACTURED IN CARBON STEEL  WHITE COLOR
TL927152XXBAI;LUMINARIA TL.TGVP.927 15W  220 V  .  .  FABRICACAO EM ACO INOX  NA COR BRANCA;LUMINARIA TL.TGVP.927 15W  220 V  .  .  FAB EM ACO INOX  NA COR BRANCA;LIGHT FIXTURE TL.TGVP.927 15W  220 V  .  .  MANUFACTURED IN STAINLESS STEEL  WHITE COLOR
TL927152XXPAC;LUMINARIA TL.TGVP.927 15W  220 V  .  .  FABRICACAO EM ACO CARBONO  NA COR PRETA;LUMINARIA TL.TGVP.927 15W  220 V  .  .  FAB EM ACO CARBONO  NA COR PRETA;LIGHT FIXTURE TL.TGVP.927 15W  220 V  .  .  MANUFACTURED IN CARBON STEEL  BLACK COLOR
TL927152XXPAI;LUMINARIA TL.TGVP.927 15W  220 V  .  .  FABRICACAO EM ACO INOX  NA COR PRETA;LUMINARIA TL.TGVP.927 15W  220 V  .  .  FAB EM ACO INOX  NA COR PRETA;LIGHT FIXTURE TL.TGVP.927 15W  220 V  .  .  MANUFACTURED IN STAINLESS STEEL  BLACK COLOR
TL927159ITBAC;LUMINARIA TL.TGVP.927 15W  90/240V  COM INTERRUPTOR  COM TOMADA  FABRICACAO EM ACO CARBONO  NA COR BRANCA;LUMINARIA TL.TGVP.927 15W  90/240V  C/ INTERRUPTOR  C/ TOMADA  FAB EM ACO CARBONO  NA COR BRANCA;LIGHT FIXTURE TL.TGVP.927 15W  90/240V  WITH SWITCH  WITH OUTLET  MANUFACTURED IN CARBON STEEL  WHITE COLOR
TL927159ITBAI;LUMINARIA TL.TGVP.927 15W  90/240V  COM INTERRUPTOR  COM TOMADA  FABRICACAO EM ACO INOX  NA COR BRANCA;LUMINARIA TL.TGVP.927 15W  90/240V  C/ INTERRUPTOR  C/ TOMADA  FAB EM ACO INOX  NA COR BRANCA;LIGHT FIXTURE TL.TGVP.927 15W  90/240V  WITH SWITCH  WITH OUTLET  MANUFACTURED IN STAINLESS STEEL  WHITE COLOR
TL927159ITPAC;LUMINARIA TL.TGVP.927 15W  90/240V  COM INTERRUPTOR  COM TOMADA  FABRICACAO EM ACO CARBONO  NA COR PRETA;LUMINARIA TL.TGVP.927 15W  90/240V  C/ INTERRUPTOR  C/ TOMADA  FAB EM ACO CARBONO  NA COR PRETA;LIGHT FIXTURE TL.TGVP.927 15W  90/240V  WITH SWITCH  WITH OUTLET  MANUFACTURED IN CARBON STEEL  BLACK COLOR
TL927159ITPAI;LUMINARIA TL.TGVP.927 15W  90/240V  COM INTERRUPTOR  COM TOMADA  FABRICACAO EM ACO INOX  NA COR PRETA;LUMINARIA TL.TGVP.927 15W  90/240V  C/ INTERRUPTOR  C/ TOMADA  FAB EM ACO INOX  NA COR PRETA;LIGHT FIXTURE TL.TGVP.927 15W  90/240V  WITH SWITCH  WITH OUTLET  MANUFACTURED IN STAINLESS STEEL  BLACK COLOR
TL927159IXBAC;LUMINARIA TL.TGVP.927 15W  90/240V  COM INTERRUPTOR  .  FABRICACAO EM ACO CARBONO  NA COR BRANCA;LUMINARIA TL.TGVP.927 15W  90/240V  C/ INTERRUPTOR  .  FAB EM ACO CARBONO  NA COR BRANCA;LIGHT FIXTURE TL.TGVP.927 15W  90/240V  WITH SWITCH  .  MANUFACTURED IN CARBON STEEL  WHITE COLOR
TL927159IXBAI;LUMINARIA TL.TGVP.927 15W  90/240V  COM INTERRUPTOR  .  FABRICACAO EM ACO INOX  NA COR BRANCA;LUMINARIA TL.TGVP.927 15W  90/240V  C/ INTERRUPTOR  .  FAB EM ACO INOX  NA COR BRANCA;LIGHT FIXTURE TL.TGVP.927 15W  90/240V  WITH SWITCH  .  MANUFACTURED IN STAINLESS STEEL  WHITE COLOR
TL927159IXPAC;LUMINARIA TL.TGVP.927 15W  90/240V  COM INTERRUPTOR  .  FABRICACAO EM ACO CARBONO  NA COR PRETA;LUMINARIA TL.TGVP.927 15W  90/240V  C/ INTERRUPTOR  .  FAB EM ACO CARBONO  NA COR PRETA;LIGHT FIXTURE TL.TGVP.927 15W  90/240V  WITH SWITCH  .  MANUFACTURED IN CARBON STEEL  BLACK COLOR
TL927159IXPAI;LUMINARIA TL.TGVP.927 15W  90/240V  COM INTERRUPTOR  .  FABRICACAO EM ACO INOX  NA COR PRETA;LUMINARIA TL.TGVP.927 15W  90/240V  C/ INTERRUPTOR  .  FAB EM ACO INOX  NA COR PRETA;LIGHT FIXTURE TL.TGVP.927 15W  90/240V  WITH SWITCH  .  MANUFACTURED IN STAINLESS STEEL  BLACK COLOR
TL927159XTBAC;LUMINARIA TL.TGVP.927 15W  90/240V  .  COM TOMADA  FABRICACAO EM ACO CARBONO  NA COR BRANCA;LUMINARIA TL.TGVP.927 15W  90/240V  .  C/ TOMADA  FAB EM ACO CARBONO  NA COR BRANCA;LIGHT FIXTURE TL.TGVP.927 15W  90/240V  .  WITH OUTLET  MANUFACTURED IN CARBON STEEL  WHITE COLOR
TL927159XTBAI;LUMINARIA TL.TGVP.927 15W  90/240V  .  COM TOMADA  FABRICACAO EM ACO INOX  NA COR BRANCA;LUMINARIA TL.TGVP.927 15W  90/240V  .  C/ TOMADA  FAB EM ACO INOX  NA COR BRANCA;LIGHT FIXTURE TL.TGVP.927 15W  90/240V  .  WITH OUTLET  MANUFACTURED IN STAINLESS STEEL  WHITE COLOR
TL927159XTPAC;LUMINARIA TL.TGVP.927 15W  90/240V  .  COM TOMADA  FABRICACAO EM ACO CARBONO  NA COR PRETA;LUMINARIA TL.TGVP.927 15W  90/240V  .  C/ TOMADA  FAB EM ACO CARBONO  NA COR PRETA;LIGHT FIXTURE TL.TGVP.927 15W  90/240V  .  WITH OUTLET  MANUFACTURED IN CARBON STEEL  BLACK COLOR
TL927159XTPAI;LUMINARIA TL.TGVP.927 15W  90/240V  .  COM TOMADA  FABRICACAO EM ACO INOX  NA COR PRETA;LUMINARIA TL.TGVP.927 15W  90/240V  .  C/ TOMADA  FAB EM ACO INOX  NA COR PRETA;LIGHT FIXTURE TL.TGVP.927 15W  90/240V  .  WITH OUTLET  MANUFACTURED IN STAINLESS STEEL  BLACK COLOR
TL927159XXBAC;LUMINARIA TL.TGVP.927 15W  90/240V  .  .  FABRICACAO EM ACO CARBONO  NA COR BRANCA;LUMINARIA TL.TGVP.927 15W  90/240V  .  .  FAB EM ACO CARBONO  NA COR BRANCA;LIGHT FIXTURE TL.TGVP.927 15W  90/240V  .  .  MANUFACTURED IN CARBON STEEL  WHITE COLOR
TL927159XXBAI;LUMINARIA TL.TGVP.927 15W  90/240V  .  .  FABRICACAO EM ACO INOX  NA COR BRANCA;LUMINARIA TL.TGVP.927 15W  90/240V  .  .  FAB EM ACO INOX  NA COR BRANCA;LIGHT FIXTURE TL.TGVP.927 15W  90/240V  .  .  MANUFACTURED IN STAINLESS STEEL  WHITE COLOR
TL927159XXPAC;LUMINARIA TL.TGVP.927 15W  90/240V  .  .  FABRICACAO EM ACO CARBONO  NA COR PRETA;LUMINARIA TL.TGVP.927 15W  90/240V  .  .  FAB EM ACO CARBONO  NA COR PRETA;LIGHT FIXTURE TL.TGVP.927 15W  90/240V  .  .  MANUFACTURED IN CARBON STEEL  BLACK COLOR
TL927159XXPAI;LUMINARIA TL.TGVP.927 15W  90/240V  .  .  FABRICACAO EM ACO INOX  NA COR PRETA;LUMINARIA TL.TGVP.927 15W  90/240V  .  .  FAB EM ACO INOX  NA COR PRETA;LIGHT FIXTURE TL.TGVP.927 15W  90/240V  .  .  MANUFACTURED IN STAINLESS STEEL  BLACK COLOR
TL927201ITBAC;LUMINARIA TL.TGVP.927 20W  127 V  COM INTERRUPTOR  COM TOMADA  FABRICACAO EM ACO CARBONO  NA COR BRANCA;LUMINARIA TL.TGVP.927 20W  127 V  C/ INTERRUPTOR  C/ TOMADA  FAB EM ACO CARBONO  NA COR BRANCA;LIGHT FIXTURE TL.TGVP.927 20W  127 V  WITH SWITCH  WITH OUTLET  MANUFACTURED IN CARBON STEEL  WHITE COLOR
TL927201ITBAI;LUMINARIA TL.TGVP.927 20W  127 V  COM INTERRUPTOR  COM TOMADA  FABRICACAO EM ACO INOX  NA COR BRANCA;LUMINARIA TL.TGVP.927 20W  127 V  C/ INTERRUPTOR  C/ TOMADA  FAB EM ACO INOX  NA COR BRANCA;LIGHT FIXTURE TL.TGVP.927 20W  127 V  WITH SWITCH  WITH OUTLET  MANUFACTURED IN STAINLESS STEEL  WHITE COLOR
TL927201ITPAC;LUMINARIA TL.TGVP.927 20W  127 V  COM INTERRUPTOR  COM TOMADA  FABRICACAO EM ACO CARBONO  NA COR PRETA;LUMINARIA TL.TGVP.927 20W  127 V  C/ INTERRUPTOR  C/ TOMADA  FAB EM ACO CARBONO  NA COR PRETA;LIGHT FIXTURE TL.TGVP.927 20W  127 V  WITH SWITCH  WITH OUTLET  MANUFACTURED IN CARBON STEEL  BLACK COLOR
TL927201ITPAI;LUMINARIA TL.TGVP.927 20W  127 V  COM INTERRUPTOR  COM TOMADA  FABRICACAO EM ACO INOX  NA COR PRETA;LUMINARIA TL.TGVP.927 20W  127 V  C/ INTERRUPTOR  C/ TOMADA  FAB EM ACO INOX  NA COR PRETA;LIGHT FIXTURE TL.TGVP.927 20W  127 V  WITH SWITCH  WITH OUTLET  MANUFACTURED IN STAINLESS STEEL  BLACK COLOR
TL927201IXBAC;LUMINARIA TL.TGVP.927 20W  127 V  COM INTERRUPTOR  .  FABRICACAO EM ACO CARBONO  NA COR BRANCA;LUMINARIA TL.TGVP.927 20W  127 V  C/ INTERRUPTOR  .  FAB EM ACO CARBONO  NA COR BRANCA;LIGHT FIXTURE TL.TGVP.927 20W  127 V  WITH SWITCH  .  MANUFACTURED IN CARBON STEEL  WHITE COLOR
TL927201IXBAI;LUMINARIA TL.TGVP.927 20W  127 V  COM INTERRUPTOR  .  FABRICACAO EM ACO INOX  NA COR BRANCA;LUMINARIA TL.TGVP.927 20W  127 V  C/ INTERRUPTOR  .  FAB EM ACO INOX  NA COR BRANCA;LIGHT FIXTURE TL.TGVP.927 20W  127 V  WITH SWITCH  .  MANUFACTURED IN STAINLESS STEEL  WHITE COLOR
TL927201IXPAC;LUMINARIA TL.TGVP.927 20W  127 V  COM INTERRUPTOR  .  FABRICACAO EM ACO CARBONO  NA COR PRETA;LUMINARIA TL.TGVP.927 20W  127 V  C/ INTERRUPTOR  .  FAB EM ACO CARBONO  NA COR PRETA;LIGHT FIXTURE TL.TGVP.927 20W  127 V  WITH SWITCH  .  MANUFACTURED IN CARBON STEEL  BLACK COLOR
TL927201IXPAI;LUMINARIA TL.TGVP.927 20W  127 V  COM INTERRUPTOR  .  FABRICACAO EM ACO INOX  NA COR PRETA;LUMINARIA TL.TGVP.927 20W  127 V  C/ INTERRUPTOR  .  FAB EM ACO INOX  NA COR PRETA;LIGHT FIXTURE TL.TGVP.927 20W  127 V  WITH SWITCH  .  MANUFACTURED IN STAINLESS STEEL  BLACK COLOR
TL927201XTBAC;LUMINARIA TL.TGVP.927 20W  127 V  .  COM TOMADA  FABRICACAO EM ACO CARBONO  NA COR BRANCA;LUMINARIA TL.TGVP.927 20W  127 V  .  C/ TOMADA  FAB EM ACO CARBONO  NA COR BRANCA;LIGHT FIXTURE TL.TGVP.927 20W  127 V  .  WITH OUTLET  MANUFACTURED IN CARBON STEEL  WHITE COLOR
TL927201XTBAI;LUMINARIA TL.TGVP.927 20W  127 V  .  COM TOMADA  FABRICACAO EM ACO INOX  NA COR BRANCA;LUMINARIA TL.TGVP.927 20W  127 V  .  C/ TOMADA  FAB EM ACO INOX  NA COR BRANCA;LIGHT FIXTURE TL.TGVP.927 20W  127 V  .  WITH OUTLET  MANUFACTURED IN STAINLESS STEEL  WHITE COLOR
TL927201XTPAC;LUMINARIA TL.TGVP.927 20W  127 V  .  COM TOMADA  FABRICACAO EM ACO CARBONO  NA COR PRETA;LUMINARIA TL.TGVP.927 20W  127 V  .  C/ TOMADA  FAB EM ACO CARBONO  NA COR PRETA;LIGHT FIXTURE TL.TGVP.927 20W  127 V  .  WITH OUTLET  MANUFACTURED IN CARBON STEEL  BLACK COLOR
TL927201XTPAI;LUMINARIA TL.TGVP.927 20W  127 V  .  COM TOMADA  FABRICACAO EM ACO INOX  NA COR PRETA;LUMINARIA TL.TGVP.927 20W  127 V  .  C/ TOMADA  FAB EM ACO INOX  NA COR PRETA;LIGHT FIXTURE TL.TGVP.927 20W  127 V  .  WITH OUTLET  MANUFACTURED IN STAINLESS STEEL  BLACK COLOR
TL927201XXBAC;LUMINARIA TL.TGVP.927 20W  127 V  .  .  FABRICACAO EM ACO CARBONO  NA COR BRANCA;LUMINARIA TL.TGVP.927 20W  127 V  .  .  FAB EM ACO CARBONO  NA COR BRANCA;LIGHT FIXTURE TL.TGVP.927 20W  127 V  .  .  MANUFACTURED IN CARBON STEEL  WHITE COLOR
TL927201XXBAI;LUMINARIA TL.TGVP.927 20W  127 V  .  .  FABRICACAO EM ACO INOX  NA COR BRANCA;LUMINARIA TL.TGVP.927 20W  127 V  .  .  FAB EM ACO INOX  NA COR BRANCA;LIGHT FIXTURE TL.TGVP.927 20W  127 V  .  .  MANUFACTURED IN STAINLESS STEEL  WHITE COLOR
TL927201XXPAC;LUMINARIA TL.TGVP.927 20W  127 V  .  .  FABRICACAO EM ACO CARBONO  NA COR PRETA;LUMINARIA TL.TGVP.927 20W  127 V  .  .  FAB EM ACO CARBONO  NA COR PRETA;LIGHT FIXTURE TL.TGVP.927 20W  127 V  .  .  MANUFACTURED IN CARBON STEEL  BLACK COLOR
TL927201XXPAI;LUMINARIA TL.TGVP.927 20W  127 V  .  .  FABRICACAO EM ACO INOX  NA COR PRETA;LUMINARIA TL.TGVP.927 20W  127 V  .  .  FAB EM ACO INOX  NA COR PRETA;LIGHT FIXTURE TL.TGVP.927 20W  127 V  .  .  MANUFACTURED IN STAINLESS STEEL  BLACK COLOR
TL927202ITBAC;LUMINARIA TL.TGVP.927 20W  220 V  COM INTERRUPTOR  COM TOMADA  FABRICACAO EM ACO CARBONO  NA COR BRANCA;LUMINARIA TL.TGVP.927 20W  220 V  C/ INTERRUPTOR  C/ TOMADA  FAB EM ACO CARBONO  NA COR BRANCA;LIGHT FIXTURE TL.TGVP.927 20W  220 V  WITH SWITCH  WITH OUTLET  MANUFACTURED IN CARBON STEEL  WHITE COLOR
TL927202ITBAI;LUMINARIA TL.TGVP.927 20W  220 V  COM INTERRUPTOR  COM TOMADA  FABRICACAO EM ACO INOX  NA COR BRANCA;LUMINARIA TL.TGVP.927 20W  220 V  C/ INTERRUPTOR  C/ TOMADA  FAB EM ACO INOX  NA COR BRANCA;LIGHT FIXTURE TL.TGVP.927 20W  220 V  WITH SWITCH  WITH OUTLET  MANUFACTURED IN STAINLESS STEEL  WHITE COLOR
TL927202ITPAC;LUMINARIA TL.TGVP.927 20W  220 V  COM INTERRUPTOR  COM TOMADA  FABRICACAO EM ACO CARBONO  NA COR PRETA;LUMINARIA TL.TGVP.927 20W  220 V  C/ INTERRUPTOR  C/ TOMADA  FAB EM ACO CARBONO  NA COR PRETA;LIGHT FIXTURE TL.TGVP.927 20W  220 V  WITH SWITCH  WITH OUTLET  MANUFACTURED IN CARBON STEEL  BLACK COLOR
TL927202ITPAI;LUMINARIA TL.TGVP.927 20W  220 V  COM INTERRUPTOR  COM TOMADA  FABRICACAO EM ACO INOX  NA COR PRETA;LUMINARIA TL.TGVP.927 20W  220 V  C/ INTERRUPTOR  C/ TOMADA  FAB EM ACO INOX  NA COR PRETA;LIGHT FIXTURE TL.TGVP.927 20W  220 V  WITH SWITCH  WITH OUTLET  MANUFACTURED IN STAINLESS STEEL  BLACK COLOR
TL927202IXBAC;LUMINARIA TL.TGVP.927 20W  220 V  COM INTERRUPTOR  .  FABRICACAO EM ACO CARBONO  NA COR BRANCA;LUMINARIA TL.TGVP.927 20W  220 V  C/ INTERRUPTOR  .  FAB EM ACO CARBONO  NA COR BRANCA;LIGHT FIXTURE TL.TGVP.927 20W  220 V  WITH SWITCH  .  MANUFACTURED IN CARBON STEEL  WHITE COLOR
TL927202IXBAI;LUMINARIA TL.TGVP.927 20W  220 V  COM INTERRUPTOR  .  FABRICACAO EM ACO INOX  NA COR BRANCA;LUMINARIA TL.TGVP.927 20W  220 V  C/ INTERRUPTOR  .  FAB EM ACO INOX  NA COR BRANCA;LIGHT FIXTURE TL.TGVP.927 20W  220 V  WITH SWITCH  .  MANUFACTURED IN STAINLESS STEEL  WHITE COLOR
TL927202IXPAC;LUMINARIA TL.TGVP.927 20W  220 V  COM INTERRUPTOR  .  FABRICACAO EM ACO CARBONO  NA COR PRETA;LUMINARIA TL.TGVP.927 20W  220 V  C/ INTERRUPTOR  .  FAB EM ACO CARBONO  NA COR PRETA;LIGHT FIXTURE TL.TGVP.927 20W  220 V  WITH SWITCH  .  MANUFACTURED IN CARBON STEEL  BLACK COLOR
TL927202IXPAI;LUMINARIA TL.TGVP.927 20W  220 V  COM INTERRUPTOR  .  FABRICACAO EM ACO INOX  NA COR PRETA;LUMINARIA TL.TGVP.927 20W  220 V  C/ INTERRUPTOR  .  FAB EM ACO INOX  NA COR PRETA;LIGHT FIXTURE TL.TGVP.927 20W  220 V  WITH SWITCH  .  MANUFACTURED IN STAINLESS STEEL  BLACK COLOR
TL927202XTBAC;LUMINARIA TL.TGVP.927 20W  220 V  .  COM TOMADA  FABRICACAO EM ACO CARBONO  NA COR BRANCA;LUMINARIA TL.TGVP.927 20W  220 V  .  C/ TOMADA  FAB EM ACO CARBONO  NA COR BRANCA;LIGHT FIXTURE TL.TGVP.927 20W  220 V  .  WITH OUTLET  MANUFACTURED IN CARBON STEEL  WHITE COLOR
TL927202XTBAI;LUMINARIA TL.TGVP.927 20W  220 V  .  COM TOMADA  FABRICACAO EM ACO INOX  NA COR BRANCA;LUMINARIA TL.TGVP.927 20W  220 V  .  C/ TOMADA  FAB EM ACO INOX  NA COR BRANCA;LIGHT FIXTURE TL.TGVP.927 20W  220 V  .  WITH OUTLET  MANUFACTURED IN STAINLESS STEEL  WHITE COLOR
TL927202XTPAC;LUMINARIA TL.TGVP.927 20W  220 V  .  COM TOMADA  FABRICACAO EM ACO CARBONO  NA COR PRETA;LUMINARIA TL.TGVP.927 20W  220 V  .  C/ TOMADA  FAB EM ACO CARBONO  NA COR PRETA;LIGHT FIXTURE TL.TGVP.927 20W  220 V  .  WITH OUTLET  MANUFACTURED IN CARBON STEEL  BLACK COLOR
TL927202XTPAI;LUMINARIA TL.TGVP.927 20W  220 V  .  COM TOMADA  FABRICACAO EM ACO INOX  NA COR PRETA;LUMINARIA TL.TGVP.927 20W  220 V  .  C/ TOMADA  FAB EM ACO INOX  NA COR PRETA;LIGHT FIXTURE TL.TGVP.927 20W  220 V  .  WITH OUTLET  MANUFACTURED IN STAINLESS STEEL  BLACK COLOR
TL927202XXBAC;LUMINARIA TL.TGVP.927 20W  220 V  .  .  FABRICACAO EM ACO CARBONO  NA COR BRANCA;LUMINARIA TL.TGVP.927 20W  220 V  .  .  FAB EM ACO CARBONO  NA COR BRANCA;LIGHT FIXTURE TL.TGVP.927 20W  220 V  .  .  MANUFACTURED IN CARBON STEEL  WHITE COLOR
TL927202XXBAI;LUMINARIA TL.TGVP.927 20W  220 V  .  .  FABRICACAO EM ACO INOX  NA COR BRANCA;LUMINARIA TL.TGVP.927 20W  220 V  .  .  FAB EM ACO INOX  NA COR BRANCA;LIGHT FIXTURE TL.TGVP.927 20W  220 V  .  .  MANUFACTURED IN STAINLESS STEEL  WHITE COLOR
TL927202XXPAC;LUMINARIA TL.TGVP.927 20W  220 V  .  .  FABRICACAO EM ACO CARBONO  NA COR PRETA;LUMINARIA TL.TGVP.927 20W  220 V  .  .  FAB EM ACO CARBONO  NA COR PRETA;LIGHT FIXTURE TL.TGVP.927 20W  220 V  .  .  MANUFACTURED IN CARBON STEEL  BLACK COLOR
TL927202XXPAI;LUMINARIA TL.TGVP.927 20W  220 V  .  .  FABRICACAO EM ACO INOX  NA COR PRETA;LUMINARIA TL.TGVP.927 20W  220 V  .  .  FAB EM ACO INOX  NA COR PRETA;LIGHT FIXTURE TL.TGVP.927 20W  220 V  .  .  MANUFACTURED IN STAINLESS STEEL  BLACK COLOR
TL927209ITBAC;LUMINARIA TL.TGVP.927 20W  90/240V  COM INTERRUPTOR  COM TOMADA  FABRICACAO EM ACO CARBONO  NA COR BRANCA;LUMINARIA TL.TGVP.927 20W  90/240V  C/ INTERRUPTOR  C/ TOMADA  FAB EM ACO CARBONO  NA COR BRANCA;LIGHT FIXTURE TL.TGVP.927 20W  90/240V  WITH SWITCH  WITH OUTLET  MANUFACTURED IN CARBON STEEL  WHITE COLOR
TL927209ITBAI;LUMINARIA TL.TGVP.927 20W  90/240V  COM INTERRUPTOR  COM TOMADA  FABRICACAO EM ACO INOX  NA COR BRANCA;LUMINARIA TL.TGVP.927 20W  90/240V  C/ INTERRUPTOR  C/ TOMADA  FAB EM ACO INOX  NA COR BRANCA;LIGHT FIXTURE TL.TGVP.927 20W  90/240V  WITH SWITCH  WITH OUTLET  MANUFACTURED IN STAINLESS STEEL  WHITE COLOR
TL927209ITPAC;LUMINARIA TL.TGVP.927 20W  90/240V  COM INTERRUPTOR  COM TOMADA  FABRICACAO EM ACO CARBONO  NA COR PRETA;LUMINARIA TL.TGVP.927 20W  90/240V  C/ INTERRUPTOR  C/ TOMADA  FAB EM ACO CARBONO  NA COR PRETA;LIGHT FIXTURE TL.TGVP.927 20W  90/240V  WITH SWITCH  WITH OUTLET  MANUFACTURED IN CARBON STEEL  BLACK COLOR
TL927209ITPAI;LUMINARIA TL.TGVP.927 20W  90/240V  COM INTERRUPTOR  COM TOMADA  FABRICACAO EM ACO INOX  NA COR PRETA;LUMINARIA TL.TGVP.927 20W  90/240V  C/ INTERRUPTOR  C/ TOMADA  FAB EM ACO INOX  NA COR PRETA;LIGHT FIXTURE TL.TGVP.927 20W  90/240V  WITH SWITCH  WITH OUTLET  MANUFACTURED IN STAINLESS STEEL  BLACK COLOR
TL927209IXBAC;LUMINARIA TL.TGVP.927 20W  90/240V  COM INTERRUPTOR  .  FABRICACAO EM ACO CARBONO  NA COR BRANCA;LUMINARIA TL.TGVP.927 20W  90/240V  C/ INTERRUPTOR  .  FAB EM ACO CARBONO  NA COR BRANCA;LIGHT FIXTURE TL.TGVP.927 20W  90/240V  WITH SWITCH  .  MANUFACTURED IN CARBON STEEL  WHITE COLOR
TL927209IXBAI;LUMINARIA TL.TGVP.927 20W  90/240V  COM INTERRUPTOR  .  FABRICACAO EM ACO INOX  NA COR BRANCA;LUMINARIA TL.TGVP.927 20W  90/240V  C/ INTERRUPTOR  .  FAB EM ACO INOX  NA COR BRANCA;LIGHT FIXTURE TL.TGVP.927 20W  90/240V  WITH SWITCH  .  MANUFACTURED IN STAINLESS STEEL  WHITE COLOR
TL927209IXPAC;LUMINARIA TL.TGVP.927 20W  90/240V  COM INTERRUPTOR  .  FABRICACAO EM ACO CARBONO  NA COR PRETA;LUMINARIA TL.TGVP.927 20W  90/240V  C/ INTERRUPTOR  .  FAB EM ACO CARBONO  NA COR PRETA;LIGHT FIXTURE TL.TGVP.927 20W  90/240V  WITH SWITCH  .  MANUFACTURED IN CARBON STEEL  BLACK COLOR
TL927209IXPAI;LUMINARIA TL.TGVP.927 20W  90/240V  COM INTERRUPTOR  .  FABRICACAO EM ACO INOX  NA COR PRETA;LUMINARIA TL.TGVP.927 20W  90/240V  C/ INTERRUPTOR  .  FAB EM ACO INOX  NA COR PRETA;LIGHT FIXTURE TL.TGVP.927 20W  90/240V  WITH SWITCH  .  MANUFACTURED IN STAINLESS STEEL  BLACK COLOR
TL927209XTBAC;LUMINARIA TL.TGVP.927 20W  90/240V  .  COM TOMADA  FABRICACAO EM ACO CARBONO  NA COR BRANCA;LUMINARIA TL.TGVP.927 20W  90/240V  .  C/ TOMADA  FAB EM ACO CARBONO  NA COR BRANCA;LIGHT FIXTURE TL.TGVP.927 20W  90/240V  .  WITH OUTLET  MANUFACTURED IN CARBON STEEL  WHITE COLOR
TL927209XTBAI;LUMINARIA TL.TGVP.927 20W  90/240V  .  COM TOMADA  FABRICACAO EM ACO INOX  NA COR BRANCA;LUMINARIA TL.TGVP.927 20W  90/240V  .  C/ TOMADA  FAB EM ACO INOX  NA COR BRANCA;LIGHT FIXTURE TL.TGVP.927 20W  90/240V  .  WITH OUTLET  MANUFACTURED IN STAINLESS STEEL  WHITE COLOR
TL927209XTPAC;LUMINARIA TL.TGVP.927 20W  90/240V  .  COM TOMADA  FABRICACAO EM ACO CARBONO  NA COR PRETA;LUMINARIA TL.TGVP.927 20W  90/240V  .  C/ TOMADA  FAB EM ACO CARBONO  NA COR PRETA;LIGHT FIXTURE TL.TGVP.927 20W  90/240V  .  WITH OUTLET  MANUFACTURED IN CARBON STEEL  BLACK COLOR
TL927209XTPAI;LUMINARIA TL.TGVP.927 20W  90/240V  .  COM TOMADA  FABRICACAO EM ACO INOX  NA COR PRETA;LUMINARIA TL.TGVP.927 20W  90/240V  .  C/ TOMADA  FAB EM ACO INOX  NA COR PRETA;LIGHT FIXTURE TL.TGVP.927 20W  90/240V  .  WITH OUTLET  MANUFACTURED IN STAINLESS STEEL  BLACK COLOR
TL927209XXBAC;LUMINARIA TL.TGVP.927 20W  90/240V  .  .  FABRICACAO EM ACO CARBONO  NA COR BRANCA;LUMINARIA TL.TGVP.927 20W  90/240V  .  .  FAB EM ACO CARBONO  NA COR BRANCA;LIGHT FIXTURE TL.TGVP.927 20W  90/240V  .  .  MANUFACTURED IN CARBON STEEL  WHITE COLOR
TL927209XXBAI;LUMINARIA TL.TGVP.927 20W  90/240V  .  .  FABRICACAO EM ACO INOX  NA COR BRANCA;LUMINARIA TL.TGVP.927 20W  90/240V  .  .  FAB EM ACO INOX  NA COR BRANCA;LIGHT FIXTURE TL.TGVP.927 20W  90/240V  .  .  MANUFACTURED IN STAINLESS STEEL  WHITE COLOR
TL927209XXPAC;LUMINARIA TL.TGVP.927 20W  90/240V  .  .  FABRICACAO EM ACO CARBONO  NA COR PRETA;LUMINARIA TL.TGVP.927 20W  90/240V  .  .  FAB EM ACO CARBONO  NA COR PRETA;LIGHT FIXTURE TL.TGVP.927 20W  90/240V  .  .  MANUFACTURED IN CARBON STEEL  BLACK COLOR
TL927209XXPAI;LUMINARIA TL.TGVP.927 20W  90/240V  .  .  FABRICACAO EM ACO INOX  NA COR PRETA;LUMINARIA TL.TGVP.927 20W  90/240V  .  .  FAB EM ACO INOX  NA COR PRETA;LIGHT FIXTURE TL.TGVP.927 20W  90/240V  .  .  MANUFACTURED IN STAINLESS STEEL  BLACK COLOR
;;;
